{"task": [{"id": "4431367b-fdd2-4624-96f7-d98a4d443cc1", "title": "Ingeniero de infraestructura 2", "description": "lllllllllllllllllllll llllllllllllllllllllllllllllopoopopoop", "due_date": "2023-11-09", "completion_date": "", "status": "Completed"}, {"id": "517bf540-de46-40bf-a9dd-23d755d2fab7", "title": "Ingeniero de infraestructura 2", "description": "lllllllllllllllllllll llllllllllllllllllllllllllllopoopopoop", "due_date": "2023-11-09", "completion_date": "", "status": "Completed"}, {"id": "4e4a0f2c-15bb-44bd-b73c-fe3fa025e948", "title": "jkhjkhjhkjh", "description": "khhgjghjvnhgvnv", "due_date": "2023-11-30", "completion_date": "2023-11-28", "status": "Completed"}, {"id": "11038b15-a751-486c-9ebd-a2564445549d", "title": "Ingeniero de infraestructura", "description": "jhgjhgjhgjhgjh", "due_date": "2023-11-17", "completion_date": "", "status": "Completed"}, {"id": "f1c7ca75-45d6-495c-b5f7-9496d25eb44b", "title": "Ingeniero de infraestructura", "description": "kkkkkkkkkkkkkkkkkk22222", "due_date": "2024-01-02", "completion_date": "", "status": "Pending"}, {"id": "9b54a8e2-8232-49ad-a5d9-39a4230d45f0", "title": "Ingeniero de infraestructura", "description": "ggggggggggggggggg", "due_date": "2023-11-25", "completion_date": "", "status": "Completed"}, {"id": "9e547e8d-e41e-4a39-9c1d-5459583eadfb", "title": "Ingeniero de infraestructura", "description": "ggggggggggggggggg", "due_date": "2023-11-25", "completion_date": "", "status": "Completed"}, {"id": "5e524308-e56c-4852-a2bb-24c86c65d73e", "title": "Revisar el desarrollo", "description": "fffffffffffffffffff", "due_date": "2023-11-30", "completion_date": "", "status": "Pending"}, {"id": "7b4e3324-bfbf-494c-b6a8-bba7c4ed48ef", "title": "Corregir json", "description": "fffffffffffffffffff", "due_date": "2023-11-30", "completion_date": "", "status": "Pending"}, {"id": "c526ccd9-5582-4a13-8e36-0fdf7815cadb", "title": "Revisar html", "description": "fffffffffffffffffff", "due_date": "2023-11-30", "completion_date": "", "status": "Pending"}, {"id": "a9f42de8-1786-4d99-b21c-c0462e11d3df", "title": "Revisar Modelo", "description": "fffffffffffffffffff", "due_date": "2023-11-30", "completion_date": "2024-01-02", "status": "Completed"}, {"id": "b2b1c898-69bd-4537-a2b0-4c6b529e152d", "title": "Ingeniero de infraestructura", "description": "fffffffffffffffffff", "due_date": "2023-11-30", "completion_date": "2023-11-30", "status": "Completed"}, {"id": "676d7e6a-6eee-4dee-8b37-d1dfa2aac63f", "title": "lo que sea", "description": "lo que sea sea", "due_date": "2023-11-14", "completion_date": "2023-11-13", "status": "Completed"}, {"id": "d482154f-c0b0-4e2f-bb42-9420ebd92004", "title": "lo que sea", "description": "otra vez", "due_date": "2023-11-30", "completion_date": "2023-11-14", "status": "Completed"}, {"id": "1df1a8e0-34da-4525-a987-713e17585d8b", "title": "lo que sea", "description": "qwerty", "due_date": "2023-11-30", "completion_date": "2023-11-27", "status": "Completed"}, {"id": "279d0640-2a6f-4804-8f8a-8cfc1e604fd3", "title": "nueva tarea", "description": "jjjjjjjjjjjjjjjjjjjj", "due_date": "2023-11-23", "completion_date": "2024-01-02", "status": "Completed"}, {"id": "350981fd-3ad1-4c4e-acb5-aedd508746c5", "title": "tarea 1", "description": "aaaaaaaaaaaaaaaa", "due_date": "2024-01-02", "completion_date": "2024-01-02", "status": "Completed"}, {"id": "ce69fcc4-dcb9-4acd-adab-2c60dd3d0174", "title": "Molestar a Samuel", "description": "Por aguevado", "due_date": "2024-01-02", "completion_date": "2024-01-02", "status": "Completed"}]}